,Date,Daily_sentiment
0,2022-09-03,0
5,2022-09-02,0
10,2022-09-01,0
15,2022-08-31,0
20,2022-08-30,0
25,2022-08-29,0
30,2022-08-28,1
35,2022-08-27,0
40,2022-08-26,-1
45,2022-08-25,0
50,2022-08-24,0
55,2022-08-23,0
60,2022-08-22,0
65,2022-08-21,1
70,2022-08-20,0
75,2022-08-19,0
80,2022-08-18,0
85,2022-08-17,0
90,2022-08-16,1
95,2022-08-15,0
100,2022-08-14,1
105,2022-08-13,0
110,2022-08-12,0
115,2022-08-11,0
120,2022-08-10,0
125,2022-08-09,0
130,2022-08-08,1
135,2022-08-07,0
140,2022-08-06,0
145,2022-08-05,0
150,2022-08-04,0
155,2022-08-03,0
160,2022-08-02,0
165,2022-08-01,0
169,2022-07-31,0
174,2022-07-30,0
179,2022-07-29,0
184,2022-07-28,0
189,2022-07-27,1
194,2022-07-26,0
199,2022-07-25,0
204,2022-07-24,0
209,2022-07-23,0
214,2022-07-22,-1
219,2022-07-21,0
224,2022-07-20,0
229,2022-07-19,0
234,2022-07-18,0
239,2022-07-17,0
244,2022-07-16,0
249,2022-07-15,1
254,2022-07-14,1
259,2022-07-13,0
264,2022-07-12,1
269,2022-07-11,0
274,2022-07-10,0
279,2022-07-09,0
284,2022-07-08,0
289,2022-07-07,0
294,2022-07-06,0
299,2022-07-05,-1
304,2022-07-04,0
309,2022-07-03,0
314,2022-07-02,0
319,2022-07-01,0
324,2022-06-30,1
329,2022-06-29,0
334,2022-06-28,0
339,2022-06-27,1
344,2022-06-26,0
349,2022-06-25,0
354,2022-06-24,0
359,2022-06-23,0
364,2022-06-22,1
369,2022-06-21,0
374,2022-06-20,0
379,2022-06-19,1
384,2022-06-18,1
389,2022-06-17,0
394,2022-06-16,0
399,2022-06-15,0
404,2022-06-14,0
409,2022-06-13,1
414,2022-06-12,1
419,2022-06-11,-1
424,2022-06-10,0
429,2022-06-09,1
434,2022-06-08,0
439,2022-06-07,0
444,2022-06-06,-1
449,2022-06-05,1
454,2022-06-04,0
459,2022-06-03,0
464,2022-06-02,1
469,2022-06-01,0
474,2022-05-31,0
479,2022-05-30,0
484,2022-05-29,0
489,2022-05-28,1
494,2022-05-27,0
499,2022-05-26,0
504,2022-05-25,0
509,2022-05-24,0
514,2022-05-23,0
519,2022-05-22,-1
524,2022-05-21,0
529,2022-05-20,1
534,2022-05-19,0
539,2022-05-18,-1
544,2022-05-17,1
549,2022-05-16,0
554,2022-05-15,0
559,2022-05-14,0
564,2022-05-13,0
569,2022-05-12,0
574,2022-05-11,0
579,2022-05-10,1
584,2022-05-09,0
589,2022-05-08,0
594,2022-05-07,0
599,2022-05-06,0
604,2022-05-05,0
609,2022-05-04,0
614,2022-05-03,0
619,2022-05-02,0
624,2022-05-01,0
629,2022-04-30,0
634,2022-04-29,0
639,2022-04-28,0
644,2022-04-27,0
649,2022-04-26,-1
654,2022-04-25,0
659,2022-04-24,0
664,2022-04-23,0
669,2022-04-22,-1
674,2022-04-21,0
679,2022-04-20,0
684,2022-04-19,0
689,2022-04-18,0
694,2022-04-17,1
699,2022-04-16,0
704,2022-04-15,0
709,2022-04-14,0
714,2022-04-13,0
719,2022-04-12,0
724,2022-04-11,0
729,2022-04-10,0
734,2022-04-09,0
739,2022-04-08,0
744,2022-04-07,0
749,2022-04-06,0
754,2022-04-05,0
759,2022-04-04,0
764,2022-04-03,0
769,2022-04-02,0
774,2022-04-01,0
779,2022-03-31,0
784,2022-03-30,0
789,2022-03-29,1
793,2022-03-28,0
798,2022-03-27,1
803,2022-03-26,0
808,2022-03-25,0
813,2022-03-24,0
818,2022-03-23,0
823,2022-03-22,0
828,2022-03-21,0
833,2022-03-20,0
838,2022-03-19,0
843,2022-03-18,0
848,2022-03-17,0
853,2022-03-16,1
858,2022-03-15,1
863,2022-03-14,0
868,2022-03-13,0
873,2022-03-12,1
878,2022-03-11,0
883,2022-03-10,1
888,2022-03-09,0
893,2022-03-08,0
898,2022-03-07,-1
903,2022-03-06,0
908,2022-03-05,0
913,2022-03-04,0
918,2022-03-03,0
923,2022-03-02,0
928,2022-03-01,0
933,2022-02-28,0
938,2022-02-27,0
943,2022-02-26,0
948,2022-02-25,0
953,2022-02-24,0
958,2022-02-23,0
963,2022-02-22,0
968,2022-02-21,0
973,2022-02-20,0
978,2022-02-19,0
983,2022-02-18,1
988,2022-02-17,0
993,2022-02-16,0
998,2022-02-15,0
1003,2022-02-14,0
1008,2022-02-13,0
1013,2022-02-12,0
1018,2022-02-11,0
1023,2022-02-10,1
1028,2022-02-09,0
1033,2022-02-08,0
1038,2022-02-07,1
1043,2022-02-06,0
1048,2022-02-05,0
1053,2022-02-04,0
1058,2022-02-03,-1
1063,2022-02-02,0
1068,2022-02-01,0
1073,2022-01-31,0
1078,2022-01-30,1
1083,2022-01-29,0
1088,2022-01-28,0
1093,2022-01-27,0
1098,2022-01-26,-1
1103,2022-01-25,0
1108,2022-01-24,0
1113,2022-01-23,0
1118,2022-01-22,0
1123,2022-01-21,0
1128,2022-01-20,1
1133,2022-01-19,0
1138,2022-01-18,0
1143,2022-01-17,0
1148,2022-01-16,0
1153,2022-01-15,0
1158,2022-01-14,0
1163,2022-01-13,-1
1168,2022-01-12,0
1173,2022-01-11,0
1178,2022-01-10,1
1183,2022-01-09,0
1188,2022-01-08,1
1193,2022-01-07,0
1198,2022-01-06,0
1203,2022-01-05,0
1208,2022-01-04,0
1213,2022-01-03,1
1218,2022-01-02,1
1223,2022-01-01,1
1228,2021-12-31,1
1233,2021-12-30,0
1238,2021-12-29,0
1243,2021-12-28,1
1248,2021-12-27,-1
1253,2021-12-26,0
1258,2021-12-25,0
1263,2021-12-24,0
1268,2021-12-23,1
1273,2021-12-22,0
1278,2021-12-21,0
1283,2021-12-20,0
1288,2021-12-19,0
1293,2021-12-18,0
1298,2021-12-17,0
1303,2021-12-16,1
1308,2021-12-15,0
1313,2021-12-14,0
1318,2021-12-13,1
1323,2021-12-12,0
1328,2021-12-11,0
1333,2021-12-10,0
1338,2021-12-09,0
1343,2021-12-08,-1
1348,2021-12-07,1
1353,2021-12-06,0
1358,2021-12-05,1
1363,2021-12-04,0
1368,2021-12-03,1
1373,2021-12-02,1
1378,2021-12-01,1
1383,2021-11-30,0
1388,2021-11-29,1
1393,2021-11-28,0
1398,2021-11-27,0
1403,2021-11-26,1
1408,2021-11-25,0
1413,2021-11-24,0
1418,2021-11-23,0
1423,2021-11-22,1
1428,2021-11-21,0
1433,2021-11-20,0
1438,2021-11-19,0
1443,2021-11-18,1
1448,2021-11-17,1
1453,2021-11-16,0
1458,2021-11-15,0
1463,2021-11-14,0
1468,2021-11-13,0
1473,2021-11-12,0
1478,2021-11-11,0
1483,2021-11-10,0
1488,2021-11-09,0
1493,2021-11-08,0
1498,2021-11-07,0
1503,2021-11-06,0
1508,2021-11-05,1
1513,2021-11-04,1
1518,2021-11-03,0
1523,2021-11-02,1
1528,2021-11-01,0
1533,2021-10-31,0
1538,2021-10-30,1
1543,2021-10-29,1
1548,2021-10-28,0
1553,2021-10-27,1
1558,2021-10-26,0
1563,2021-10-25,1
1568,2021-10-24,1
1573,2021-10-23,0
1578,2021-10-22,1
1583,2021-10-21,0
1588,2021-10-20,0
1593,2021-10-19,0
1598,2021-10-18,0
1603,2021-10-17,0
1608,2021-10-16,1
1613,2021-10-15,0
1618,2021-10-14,0
1623,2021-10-13,1
1628,2021-10-12,0
1633,2021-10-11,1
1638,2021-10-10,1
1643,2021-10-09,0
1648,2021-10-08,0
1653,2021-10-07,1
1658,2021-10-06,1
1663,2021-10-05,1
1668,2021-10-04,0
1673,2021-10-03,0
1678,2021-10-02,0
1683,2021-10-01,0
1688,2021-09-30,0
1693,2021-09-29,1
1698,2021-09-28,0
1703,2021-09-27,0
1708,2021-09-26,0
1713,2021-09-25,0
1718,2021-09-24,0
1723,2021-09-23,1
1728,2021-09-22,0
1733,2021-09-21,0
1738,2021-09-20,0
1743,2021-09-19,0
1748,2021-09-18,0
1753,2021-09-17,0
1758,2021-09-16,1
1763,2021-09-15,0
1768,2021-09-14,0
1773,2021-09-13,1
1778,2021-09-12,0
1783,2021-09-11,1
1788,2021-09-10,0
1793,2021-09-09,-1
1798,2021-09-08,1
1803,2021-09-07,0
1808,2021-09-06,0
1813,2021-09-05,0
1818,2021-09-04,0
1823,2021-09-03,0
1828,2021-09-02,0
1833,2021-09-01,1
1838,2021-08-31,0
1843,2021-08-30,0
1848,2021-08-29,1
1853,2021-08-28,0
1858,2021-08-27,1
1863,2021-08-26,0
1868,2021-08-25,0
1873,2021-08-24,1
1878,2021-08-23,0
1883,2021-08-22,0
1888,2021-08-21,0
1893,2021-08-20,0
1898,2021-08-19,0
1903,2021-08-18,0
1908,2021-08-17,0
1913,2021-08-16,0
1918,2021-08-15,0
1923,2021-08-14,0
1928,2021-08-13,0
1933,2021-08-12,0
1938,2021-08-11,0
1943,2021-08-10,0
1948,2021-08-09,0
1953,2021-08-08,0
1958,2021-08-07,-1
1963,2021-08-06,0
1968,2021-08-05,0
1973,2021-08-04,0
1978,2021-08-03,0
1983,2021-08-02,0
1988,2021-08-01,0
1993,2021-07-31,0
1998,2021-07-30,1
2003,2021-07-29,0
2008,2021-07-28,0
2013,2021-07-27,0
2018,2021-07-26,0
2023,2021-07-25,-1
2028,2021-07-24,0
2033,2021-07-23,0
2038,2021-07-22,1
2043,2021-07-21,0
2048,2021-07-20,1
2053,2021-07-19,0
2058,2021-07-18,1
2063,2021-07-17,1
2068,2021-07-16,1
2073,2021-07-15,0
2078,2021-07-14,0
2083,2021-07-13,1
2088,2021-07-12,1
2093,2021-07-11,0
2098,2021-07-10,0
2103,2021-07-09,0
2108,2021-07-08,0
2113,2021-07-07,0
2118,2021-07-06,0
2123,2021-07-05,1
2128,2021-07-04,0
2133,2021-07-03,1
2138,2021-07-02,0
2143,2021-07-01,1
2148,2021-06-30,0
2153,2021-06-29,0
2158,2021-06-28,0
2163,2021-06-27,0
2168,2021-06-26,0
2173,2021-06-25,0
2178,2021-06-24,0
2183,2021-06-23,0
2188,2021-06-22,1
2193,2021-06-21,0
2198,2021-06-20,0
2203,2021-06-19,0
2208,2021-06-18,1
2213,2021-06-17,0
2218,2021-06-16,0
2223,2021-06-15,0
2228,2021-06-14,1
2233,2021-06-13,0
2238,2021-06-12,0
2243,2021-06-11,0
2248,2021-06-10,0
2253,2021-06-09,0
2258,2021-06-08,0
2263,2021-06-07,0
2268,2021-06-06,0
2273,2021-06-05,1
2278,2021-06-04,1
2283,2021-06-03,0
2288,2021-06-02,0
2293,2021-06-01,0
2298,2021-05-31,1
2303,2021-05-30,1
2308,2021-05-29,0
2313,2021-05-28,-1
2318,2021-05-27,0
2323,2021-05-26,1
2328,2021-05-25,0
2333,2021-05-24,0
2338,2021-05-23,0
2343,2021-05-22,0
2348,2021-05-21,1
2353,2021-05-20,0
2358,2021-05-19,0
2363,2021-05-18,0
2368,2021-05-17,0
2373,2021-05-16,0
2378,2021-05-15,0
2383,2021-05-14,0
2388,2021-05-13,0
2393,2021-05-12,0
2398,2021-05-11,0
2403,2021-05-10,0
2408,2021-05-09,0
2413,2021-05-08,0
2418,2021-05-07,0
2423,2021-05-06,0
2428,2021-05-05,0
2433,2021-05-04,0
2438,2021-05-03,0
2443,2021-05-02,1
2448,2021-05-01,0
2453,2021-04-30,0
2458,2021-04-29,0
2463,2021-04-28,0
2468,2021-04-27,0
2473,2021-04-26,0
2478,2021-04-25,0
2483,2021-04-24,0
2488,2021-04-23,0
2493,2021-04-22,0
2498,2021-04-21,0
2503,2021-04-20,0
2508,2021-04-19,0
2513,2021-04-18,0
2518,2021-04-17,0
2523,2021-04-16,0
2528,2021-04-15,0
2533,2021-04-14,0
2538,2021-04-13,0
2543,2021-04-12,0
2548,2021-04-11,0
2553,2021-04-10,0
2558,2021-04-09,0
2563,2021-04-08,1
2568,2021-04-07,0
2573,2021-04-06,0
2578,2021-04-05,0
2583,2021-04-04,0
2588,2021-04-03,1
2593,2021-04-02,0
2598,2021-04-01,0
2603,2021-03-31,0
2608,2021-03-30,1
2613,2021-03-29,0
2618,2021-03-28,0
2623,2021-03-27,1
2628,2021-03-26,0
2633,2021-03-25,1
2638,2021-03-24,0
2643,2021-03-23,0
2648,2021-03-22,1
2653,2021-03-21,0
2658,2021-03-20,0
2663,2021-03-19,1
2668,2021-03-18,-1
2673,2021-03-17,1
2678,2021-03-16,1
2683,2021-03-15,1
2688,2021-03-14,0
2693,2021-03-13,1
2698,2021-03-12,0
2703,2021-03-11,1
2708,2021-03-10,0
2713,2021-03-09,0
2718,2021-03-08,0
2723,2021-03-07,0
2728,2021-03-06,0
2733,2021-03-05,0
2738,2021-03-04,0
2743,2021-03-03,1
2748,2021-03-02,0
2753,2021-03-01,1
2758,2021-02-28,0
2763,2021-02-27,1
2768,2021-02-26,0
2773,2021-02-25,1
2778,2021-02-24,0
2783,2021-02-23,0
2788,2021-02-22,0
2793,2021-02-21,0
2798,2021-02-20,0
2803,2021-02-19,0
2808,2021-02-18,1
2813,2021-02-17,1
2818,2021-02-16,0
2823,2021-02-15,0
2828,2021-02-14,1
2833,2021-02-13,0
2838,2021-02-12,0
2843,2021-02-11,0
2848,2021-02-10,1
2853,2021-02-09,0
2858,2021-02-08,0
2863,2021-02-07,1
2868,2021-02-06,0
2873,2021-02-05,-1
2878,2021-02-04,-1
2883,2021-02-03,0
2888,2021-02-02,0
2893,2021-02-01,1
2898,2021-01-31,0
2903,2021-01-30,1
2908,2021-01-29,0
2913,2021-01-28,1
2918,2021-01-27,0
2923,2021-01-26,0
2928,2021-01-25,1
2933,2021-01-24,0
2938,2021-01-23,1
2943,2021-01-22,1
2948,2021-01-21,0
2953,2021-01-20,-1
2958,2021-01-19,-1
2963,2021-01-18,1
2968,2021-01-17,1
2973,2021-01-16,-1
2978,2021-01-15,0
2983,2021-01-14,0
2988,2021-01-13,0
2993,2021-01-12,0
2998,2021-01-11,0
3003,2021-01-10,0
3008,2021-01-09,0
3013,2021-01-08,0
3018,2021-01-07,0
3023,2021-01-06,0
3028,2021-01-05,-1
3033,2021-01-04,1
3038,2021-01-03,0
3043,2021-01-02,0
3048,2021-01-01,1
3053,2020-12-31,0
3058,2020-12-30,0
3063,2020-12-29,0
3068,2020-12-28,1
3073,2020-12-27,0
3078,2020-12-26,1
3083,2020-12-25,0
3088,2020-12-24,0
3093,2020-12-23,0
3098,2020-12-22,0
3103,2020-12-21,0
3108,2020-12-20,0
3113,2020-12-19,0
3118,2020-12-18,0
3123,2020-12-17,0
3128,2020-12-16,0
3133,2020-12-15,1
3138,2020-12-14,0
3143,2020-12-13,0
3148,2020-12-12,0
3153,2020-12-11,0
3158,2020-12-10,1
3163,2020-12-09,0
3168,2020-12-08,1
3173,2020-12-07,1
3178,2020-12-06,1
3183,2020-12-05,0
3188,2020-12-04,0
3193,2020-12-03,0
3198,2020-12-02,0
3203,2020-12-01,0
3208,2020-11-30,0
3213,2020-11-29,0
3218,2020-11-28,0
3223,2020-11-27,0
3228,2020-11-26,0
3233,2020-11-25,0
3238,2020-11-24,0
3243,2020-11-23,0
3248,2020-11-22,1
3253,2020-11-21,1
3258,2020-11-20,0
3263,2020-11-19,1
3268,2020-11-18,1
3273,2020-11-17,1
3278,2020-11-16,0
3283,2020-11-15,0
3288,2020-11-14,0
3293,2020-11-13,1
3298,2020-11-12,0
3303,2020-11-11,0
3308,2020-11-10,0
3313,2020-11-09,0
3318,2020-11-08,0
3323,2020-11-07,-1
3328,2020-11-06,0
3333,2020-11-05,0
3338,2020-11-04,0
3343,2020-11-03,0
3348,2020-11-02,0
3353,2020-11-01,-1
3358,2020-10-31,0
3363,2020-10-30,0
3368,2020-10-29,0
3373,2020-10-28,0
3378,2020-10-27,1
3383,2020-10-26,0
3388,2020-10-25,0
3393,2020-10-24,1
3398,2020-10-23,0
3403,2020-10-22,0
3408,2020-10-21,-1
3413,2020-10-20,1
3418,2020-10-19,0
3423,2020-10-18,0
3428,2020-10-17,1
3433,2020-10-16,0
3438,2020-10-15,0
3443,2020-10-14,0
3448,2020-10-13,0
3453,2020-10-12,0
3458,2020-10-11,0
3463,2020-10-10,0
3468,2020-10-09,1
3473,2020-10-08,0
3478,2020-10-07,1
3483,2020-10-06,0
3488,2020-10-05,0
3493,2020-10-04,0
3498,2020-10-03,0
3503,2020-10-02,0
3508,2020-10-01,0
3513,2020-09-30,1
3518,2020-09-29,0
3523,2020-09-28,0
3528,2020-09-27,1
3533,2020-09-26,0
3538,2020-09-25,1
3543,2020-09-24,0
3548,2020-09-23,0
3553,2020-09-22,0
3558,2020-09-21,-1
3563,2020-09-20,0
3568,2020-09-19,0
3573,2020-09-18,0
3578,2020-09-17,0
3583,2020-09-16,0
3588,2020-09-15,0
3593,2020-09-14,0
3598,2020-09-13,0
3603,2020-09-12,0
3608,2020-09-11,0
3613,2020-09-10,0
3618,2020-09-09,0
3623,2020-09-08,0
3628,2020-09-07,0
3633,2020-09-06,0
3638,2020-09-05,0
3643,2020-09-04,0
3648,2020-09-03,0
3653,2020-09-02,0
3658,2020-09-01,0
3663,2020-08-31,0
3668,2020-08-30,0
3673,2020-08-29,0
3678,2020-08-28,0
3683,2020-08-27,0
3688,2020-08-26,0
3693,2020-08-25,0
3698,2020-08-24,0
3703,2020-08-23,0
3708,2020-08-22,0
3713,2020-08-21,0
3718,2020-08-20,1
3723,2020-08-19,0
3728,2020-08-18,0
3733,2020-08-17,-1
3738,2020-08-16,0
3743,2020-08-15,0
3748,2020-08-14,0
3753,2020-08-13,0
3758,2020-08-12,0
3763,2020-08-11,0
3768,2020-08-10,0
3773,2020-08-09,0
3778,2020-08-08,0
3783,2020-08-07,0
3788,2020-08-06,1
3793,2020-08-05,0
3798,2020-08-04,1
3803,2020-08-03,1
3808,2020-08-02,0
3813,2020-08-01,0
3818,2020-07-31,0
3823,2020-07-30,0
3828,2020-07-29,0
3832,2020-07-28,0
3837,2020-07-27,0
3842,2020-07-26,0
3847,2020-07-25,1
3852,2020-07-24,0
3857,2020-07-23,0
3862,2020-07-22,1
3867,2020-07-21,0
3872,2020-07-20,0
3877,2020-07-19,0
3882,2020-07-18,0
3887,2020-07-17,0
3892,2020-07-16,1
3897,2020-07-15,1
3902,2020-07-14,0
3907,2020-07-13,0
3912,2020-07-12,0
3917,2020-07-11,0
3922,2020-07-10,1
3927,2020-07-09,0
3932,2020-07-08,0
3937,2020-07-07,0
3942,2020-07-06,0
3947,2020-07-05,0
3952,2020-07-04,0
3957,2020-07-03,0
3962,2020-07-02,0
3967,2020-07-01,0
3972,2020-06-30,0
3977,2020-06-29,-1
3982,2020-06-28,0
3987,2020-06-27,1
3992,2020-06-26,0
3997,2020-06-25,0
4002,2020-06-24,1
4007,2020-06-23,0
4012,2020-06-22,1
4017,2020-06-21,1
4022,2020-06-20,0
4027,2020-06-19,0
4032,2020-06-18,0
4037,2020-06-17,0
4042,2020-06-16,0
4047,2020-06-15,0
4052,2020-06-14,0
4057,2020-06-13,-1
4062,2020-06-12,0
4067,2020-06-11,0
4072,2020-06-10,0
4077,2020-06-09,1
4082,2020-06-08,0
4087,2020-06-07,1
4092,2020-06-06,0
4097,2020-06-05,0
4102,2020-06-04,0
4107,2020-06-03,0
4112,2020-06-02,1
4117,2020-06-01,0
4122,2020-05-31,1
4127,2020-05-30,1
4132,2020-05-29,0
4137,2020-05-28,0
4142,2020-05-27,0
4147,2020-05-26,0
4152,2020-05-25,0
4157,2020-05-24,0
4162,2020-05-23,0
4167,2020-05-22,0
4172,2020-05-21,0
4177,2020-05-20,0
4182,2020-05-19,0
4187,2020-05-18,0
4192,2020-05-17,0
4197,2020-05-16,1
4202,2020-05-15,0
4207,2020-05-14,1
4212,2020-05-13,0
4217,2020-05-12,0
4222,2020-05-11,0
4227,2020-05-10,0
4232,2020-05-09,0
4237,2020-05-08,0
4242,2020-05-07,0
4247,2020-05-06,1
4252,2020-05-05,0
4257,2020-05-04,0
4262,2020-05-03,0
4267,2020-05-02,1
4272,2020-05-01,0
4277,2020-04-30,0
4282,2020-04-29,0
4287,2020-04-28,0
4292,2020-04-27,0
4297,2020-04-26,0
4302,2020-04-25,0
4307,2020-04-24,0
4312,2020-04-23,0
4317,2020-04-22,0
4322,2020-04-21,0
4327,2020-04-20,1
4332,2020-04-19,0
4337,2020-04-18,1
4342,2020-04-17,-1
4347,2020-04-16,0
4352,2020-04-15,0
4357,2020-04-14,0
4362,2020-04-13,0
4367,2020-04-12,-1
4372,2020-04-11,0
4377,2020-04-10,1
4382,2020-04-09,0
4387,2020-04-08,1
4392,2020-04-07,0
4397,2020-04-06,0
4402,2020-04-05,0
4407,2020-04-04,0
4412,2020-04-03,0
4417,2020-04-02,0
4422,2020-04-01,0
4427,2020-03-31,0
4432,2020-03-30,0
4437,2020-03-29,0
4442,2020-03-28,0
4447,2020-03-27,0
4452,2020-03-26,1
4457,2020-03-25,0
4462,2020-03-24,0
4467,2020-03-23,0
4472,2020-03-22,0
4477,2020-03-21,0
4482,2020-03-20,0
4487,2020-03-19,0
4492,2020-03-18,0
4497,2020-03-17,0
4502,2020-03-16,0
4507,2020-03-15,0
4512,2020-03-14,0
4517,2020-03-13,1
4522,2020-03-12,0
4527,2020-03-11,0
4532,2020-03-10,0
4537,2020-03-09,0
4542,2020-03-08,0
4547,2020-03-07,0
4552,2020-03-06,0
4557,2020-03-05,0
4562,2020-03-04,0
4567,2020-03-03,1
4572,2020-03-02,0
4577,2020-03-01,1
4582,2020-02-29,0
4587,2020-02-28,0
4592,2020-02-27,0
4597,2020-02-26,0
4602,2020-02-25,0
4607,2020-02-24,0
4612,2020-02-23,0
4617,2020-02-22,0
4622,2020-02-21,1
4627,2020-02-20,0
4632,2020-02-19,0
4637,2020-02-18,0
4642,2020-02-17,0
4647,2020-02-16,0
4652,2020-02-15,0
4657,2020-02-14,1
4662,2020-02-13,0
4667,2020-02-12,0
4672,2020-02-11,1
4677,2020-02-10,0
4682,2020-02-09,0
4687,2020-02-08,0
4692,2020-02-07,0
4697,2020-02-06,0
4702,2020-02-05,0
4707,2020-02-04,0
4712,2020-02-03,0
4717,2020-02-02,0
4722,2020-02-01,0
4727,2020-01-31,0
4732,2020-01-30,1
4737,2020-01-29,0
4742,2020-01-28,0
4747,2020-01-27,0
4752,2020-01-26,1
4757,2020-01-25,1
4762,2020-01-24,1
4767,2020-01-23,0
4772,2020-01-22,0
4777,2020-01-21,1
4782,2020-01-20,0
4787,2020-01-19,1
4792,2020-01-18,0
4797,2020-01-17,0
4802,2020-01-16,1
4807,2020-01-15,0
4812,2020-01-14,1
4817,2020-01-13,0
4822,2020-01-12,0
4827,2020-01-11,1
4832,2020-01-10,1
4837,2020-01-09,0
4842,2020-01-08,0
4847,2020-01-07,0
4852,2020-01-06,0
4857,2020-01-05,0
4862,2020-01-04,0
4867,2020-01-03,-1
4872,2020-01-02,0
4877,2020-01-01,1
4882,2019-12-31,1
4887,2019-12-30,1
4892,2019-12-29,0
4897,2019-12-28,0
4902,2019-12-27,1
4907,2019-12-26,0
4912,2019-12-25,0
4917,2019-12-24,0
4922,2019-12-23,0
4927,2019-12-22,0
4932,2019-12-21,0
4937,2019-12-20,0
4942,2019-12-19,-1
4947,2019-12-18,0
4952,2019-12-17,0
4957,2019-12-16,0
4962,2019-12-15,0
4967,2019-12-14,0
4972,2019-12-13,1
4977,2019-12-12,0
4982,2019-12-11,0
4987,2019-12-10,0
4992,2019-12-09,0
4997,2019-12-08,0
5002,2019-12-07,0
5007,2019-12-06,0
5012,2019-12-05,0
5017,2019-12-04,1
5022,2019-12-03,0
5027,2019-12-02,0
5032,2019-12-01,0
5037,2019-11-30,0
5042,2019-11-29,0
5047,2019-11-28,0
5052,2019-11-27,0
5057,2019-11-26,1
5062,2019-11-25,0
5067,2019-11-24,0
5072,2019-11-23,0
5077,2019-11-22,0
5082,2019-11-21,0
5087,2019-11-20,0
5092,2019-11-19,0
5097,2019-11-18,0
5102,2019-11-17,0
5106,2019-11-16,0
5111,2019-11-15,1
5116,2019-11-14,0
5121,2019-11-13,0
5126,2019-11-12,1
5131,2019-11-11,0
5136,2019-11-10,1
5141,2019-11-09,1
5146,2019-11-08,0
5151,2019-11-07,0
5156,2019-11-06,0
5161,2019-11-05,0
5166,2019-11-04,0
5171,2019-11-03,0
5176,2019-11-02,0
5181,2019-11-01,0
5186,2019-10-31,0
5191,2019-10-30,0
5196,2019-10-29,0
5201,2019-10-28,1
5206,2019-10-27,0
5211,2019-10-26,1
5216,2019-10-25,0
5221,2019-10-24,0
5226,2019-10-23,0
5231,2019-10-22,0
5236,2019-10-21,0
5241,2019-10-20,0
5246,2019-10-19,0
5251,2019-10-18,0
5256,2019-10-17,0
5261,2019-10-16,1
5266,2019-10-15,0
5271,2019-10-14,0
5276,2019-10-13,0
5281,2019-10-12,0
5286,2019-10-11,0
5291,2019-10-10,1
5296,2019-10-09,0
5301,2019-10-08,0
5306,2019-10-07,0
5311,2019-10-06,0
5316,2019-10-05,1
5321,2019-10-04,0
5326,2019-10-03,-1
5331,2019-10-02,0
5336,2019-10-01,0
5341,2019-09-30,0
5346,2019-09-29,0
5351,2019-09-28,0
5356,2019-09-27,0
5361,2019-09-26,0
5366,2019-09-25,0
5371,2019-09-24,0
5376,2019-09-23,0
5381,2019-09-22,-1
5386,2019-09-21,0
5391,2019-09-20,0
5396,2019-09-19,0
5401,2019-09-18,0
5406,2019-09-17,0
5411,2019-09-16,0
5416,2019-09-15,0
5421,2019-09-14,0
5426,2019-09-13,0
5431,2019-09-12,0
5436,2019-09-11,0
5441,2019-09-10,0
5446,2019-09-09,1
5451,2019-09-08,0
5456,2019-09-07,0
5461,2019-09-06,1
5466,2019-09-05,-1
5471,2019-09-04,0
5476,2019-09-03,0
5481,2019-09-02,0
5486,2019-09-01,0
5491,2019-08-31,1
5496,2019-08-30,0
5501,2019-08-29,0
5506,2019-08-28,1
5511,2019-08-27,0
5516,2019-08-26,0
5521,2019-08-25,0
5526,2019-08-24,1
5531,2019-08-23,0
5536,2019-08-22,0
5541,2019-08-21,0
5546,2019-08-20,1
5551,2019-08-19,0
5556,2019-08-18,0
5561,2019-08-17,1
5566,2019-08-16,0
5571,2019-08-15,0
5576,2019-08-14,0
5581,2019-08-13,0
5586,2019-08-12,0
5591,2019-08-11,0
5596,2019-08-10,1
5601,2019-08-09,0
5606,2019-08-08,0
5611,2019-08-07,0
5616,2019-08-06,0
5621,2019-08-05,0
5626,2019-08-04,-1
5631,2019-08-03,1
5636,2019-08-02,0
5641,2019-08-01,0
5646,2019-07-31,0
5651,2019-07-30,0
5656,2019-07-29,-1
5661,2019-07-28,0
5666,2019-07-27,1
5671,2019-07-26,0
5676,2019-07-25,0
5681,2019-07-24,0
5686,2019-07-23,0
5691,2019-07-22,0
5696,2019-07-21,0
5701,2019-07-20,0
5706,2019-07-19,1
5711,2019-07-18,0
5716,2019-07-17,1
5721,2019-07-16,0
5726,2019-07-15,0
5731,2019-07-14,0
5736,2019-07-13,0
5741,2019-07-12,0
5746,2019-07-11,0
5751,2019-07-10,1
5756,2019-07-09,0
5761,2019-07-08,0
5766,2019-07-07,0
5771,2019-07-06,1
5776,2019-07-05,0
5781,2019-07-04,0
5786,2019-07-03,1
5791,2019-07-02,0
5796,2019-07-01,0
5801,2019-06-30,1
5806,2019-06-29,1
5811,2019-06-28,0
5816,2019-06-27,0
5821,2019-06-26,0
5826,2019-06-25,0
5831,2019-06-24,1
5836,2019-06-23,0
5841,2019-06-22,0
5846,2019-06-21,-1
5851,2019-06-20,0
5856,2019-06-19,0
5861,2019-06-18,1
5866,2019-06-17,0
5871,2019-06-16,0
5876,2019-06-15,0
5881,2019-06-14,0
5886,2019-06-13,-1
5891,2019-06-12,0
5896,2019-06-11,1
5901,2019-06-10,1
5906,2019-06-09,1
5911,2019-06-08,0
5916,2019-06-07,0
5921,2019-06-06,0
5926,2019-06-05,0
5931,2019-06-04,0
5936,2019-06-03,1
5941,2019-06-02,0
5946,2019-06-01,0
5951,2019-05-31,0
5956,2019-05-30,0
5961,2019-05-29,0
5966,2019-05-28,0
5971,2019-05-27,-1
5976,2019-05-26,1
5981,2019-05-25,0
5986,2019-05-24,0
5991,2019-05-23,0
5996,2019-05-22,1
6001,2019-05-21,1
6006,2019-05-20,0
6011,2019-05-19,0
6016,2019-05-18,0
6021,2019-05-17,0
6026,2019-05-16,0
6031,2019-05-15,0
6036,2019-05-14,0
6041,2019-05-13,0
6046,2019-05-12,0
6051,2019-05-11,0
6056,2019-05-10,1
6061,2019-05-09,0
6066,2019-05-08,0
6071,2019-05-07,0
6076,2019-05-06,0
6081,2019-05-05,0
6086,2019-05-04,1
6091,2019-05-03,0
6096,2019-05-02,0
6101,2019-05-01,0
6106,2019-04-30,1
6111,2019-04-29,0
6116,2019-04-28,0
6121,2019-04-27,0
6126,2019-04-26,0
6131,2019-04-25,1
6136,2019-04-24,0
6141,2019-04-23,0
6146,2019-04-22,0
6151,2019-04-21,0
6156,2019-04-20,-1
6161,2019-04-19,0
6166,2019-04-18,1
6171,2019-04-17,1
6176,2019-04-16,1
6181,2019-04-15,1
6186,2019-04-14,1
6191,2019-04-13,0
6196,2019-04-12,0
6201,2019-04-11,0
6206,2019-04-10,0
6211,2019-04-09,0
6216,2019-04-08,0
6221,2019-04-07,0
6226,2019-04-06,0
6231,2019-04-05,0
6236,2019-04-04,0
6241,2019-04-03,1
6246,2019-04-02,0
6251,2019-04-01,0
6256,2019-03-31,1
6261,2019-03-30,1
6266,2019-03-29,0
6271,2019-03-28,0
6276,2019-03-27,0
6281,2019-03-26,1
6286,2019-03-25,0
6291,2019-03-24,0
6296,2019-03-23,0
6301,2019-03-22,0
6306,2019-03-21,0
6311,2019-03-20,1
6316,2019-03-19,0
6321,2019-03-18,0
6326,2019-03-17,-1
6331,2019-03-16,0
6336,2019-03-15,0
6341,2019-03-14,0
6346,2019-03-13,0
6351,2019-03-12,0
6356,2019-03-11,0
6361,2019-03-10,0
6366,2019-03-09,1
6371,2019-03-08,0
6376,2019-03-07,0
6381,2019-03-06,0
6386,2019-03-05,0
6391,2019-03-04,0
6396,2019-03-03,0
6401,2019-03-02,0
6406,2019-03-01,0
6411,2019-02-28,1
6416,2019-02-27,0
6421,2019-02-26,0
6426,2019-02-25,1
6431,2019-02-24,0
6436,2019-02-23,1
6441,2019-02-22,0
6446,2019-02-21,0
6451,2019-02-20,0
6456,2019-02-19,0
6461,2019-02-18,0
6466,2019-02-17,0
6471,2019-02-16,0
6476,2019-02-15,0
6481,2019-02-14,0
6486,2019-02-13,0
6491,2019-02-12,1
6496,2019-02-11,1
6501,2019-02-10,1
6506,2019-02-09,-1
6511,2019-02-08,1
6516,2019-02-07,-1
6521,2019-02-06,0
6526,2019-02-05,0
6531,2019-02-04,0
6536,2019-02-03,1
6541,2019-02-02,0
6546,2019-02-01,0
6551,2019-01-31,0
6556,2019-01-30,1
6561,2019-01-29,0
6566,2019-01-28,0
6571,2019-01-27,0
6576,2019-01-26,0
6581,2019-01-25,1
6586,2019-01-24,0
6590,2019-01-23,0
6595,2019-01-22,0
6600,2019-01-21,0
6605,2019-01-20,0
6610,2019-01-19,0
6615,2019-01-18,0
6620,2019-01-17,0
6625,2019-01-16,0
6630,2019-01-15,0
6635,2019-01-14,0
6640,2019-01-13,0
6645,2019-01-12,0
6650,2019-01-11,0
6655,2019-01-10,0
6660,2019-01-09,0
6665,2019-01-08,0
6670,2019-01-07,0
6675,2019-01-06,0
6680,2019-01-05,0
6685,2019-01-04,0
6690,2019-01-03,0
6695,2019-01-02,0
6700,2019-01-01,0
6705,2018-12-31,0
6710,2018-12-30,0
6715,2018-12-29,-1
6720,2018-12-28,0
6725,2018-12-27,0
6730,2018-12-26,0
6735,2018-12-25,0
6740,2018-12-24,0
6745,2018-12-23,0
6749,2018-12-22,-1
6754,2018-12-21,0
6759,2018-12-20,0
6764,2018-12-19,0
6769,2018-12-18,0
6774,2018-12-17,1
6779,2018-12-16,0
6784,2018-12-15,0
6789,2018-12-14,0
6794,2018-12-13,0
6799,2018-12-12,0
6804,2018-12-11,0
6809,2018-12-10,-1
6814,2018-12-09,0
6819,2018-12-08,0
6824,2018-12-07,0
6829,2018-12-06,0
6834,2018-12-05,0
6839,2018-12-04,0
6844,2018-12-03,0
6849,2018-12-02,0
6854,2018-12-01,0
6859,2018-11-30,0
6864,2018-11-29,1
6869,2018-11-28,0
6874,2018-11-27,0
6879,2018-11-26,0
6884,2018-11-25,0
6889,2018-11-24,0
6894,2018-11-23,0
6899,2018-11-22,0
6904,2018-11-21,0
6909,2018-11-20,1
6914,2018-11-19,0
6919,2018-11-18,0
6924,2018-11-17,0
6929,2018-11-16,0
6934,2018-11-15,0
6939,2018-11-14,0
6944,2018-11-13,1
6949,2018-11-12,0
6954,2018-11-11,0
6959,2018-11-10,0
6964,2018-11-09,0
6969,2018-11-08,1
6974,2018-11-07,0
6979,2018-11-06,0
6984,2018-11-05,0
6989,2018-11-04,0
6994,2018-11-03,0
6999,2018-11-02,0
7004,2018-11-01,0
7009,2018-10-31,0
7014,2018-10-30,0
7019,2018-10-29,0
7024,2018-10-28,0
7029,2018-10-27,1
7034,2018-10-26,0
7039,2018-10-25,0
7044,2018-10-24,0
7049,2018-10-23,0
7054,2018-10-22,0
7059,2018-10-21,0
7064,2018-10-20,0
7069,2018-10-19,0
7074,2018-10-18,0
7079,2018-10-17,0
7084,2018-10-16,1
7089,2018-10-15,0
7094,2018-10-14,0
7099,2018-10-13,0
7104,2018-10-12,0
7109,2018-10-11,0
7114,2018-10-10,0
7119,2018-10-09,0
7124,2018-10-08,0
7129,2018-10-07,1
7134,2018-10-06,-1
7139,2018-10-05,1
7144,2018-10-04,0
7149,2018-10-03,0
7154,2018-10-02,1
7159,2018-10-01,1
7164,2018-09-30,0
7169,2018-09-29,0
7174,2018-09-28,0
7179,2018-09-27,0
7184,2018-09-26,0
7189,2018-09-25,1
7194,2018-09-24,0
7199,2018-09-23,0
7204,2018-09-22,0
7209,2018-09-21,1
7214,2018-09-20,1
7219,2018-09-19,0
7224,2018-09-18,1
7229,2018-09-17,0
7234,2018-09-16,1
7239,2018-09-15,0
7244,2018-09-14,1
7249,2018-09-13,0
7254,2018-09-12,1
7259,2018-09-11,0
7264,2018-09-10,0
7269,2018-09-09,1
7274,2018-09-08,0
7279,2018-09-07,0
7284,2018-09-06,0
7289,2018-09-05,-1
7294,2018-09-04,0
7299,2018-09-03,0
7304,2018-09-02,0
7309,2018-09-01,0
7314,2018-08-31,1
7319,2018-08-30,0
7324,2018-08-29,0
7329,2018-08-28,0
7334,2018-08-27,0
7339,2018-08-26,1
7344,2018-08-25,0
7347,2018-08-24,1
7352,2018-08-23,1
7357,2018-08-22,1
7362,2018-08-21,0
7367,2018-08-20,0
7372,2018-08-19,0
7377,2018-08-18,0
7382,2018-08-17,0
7387,2018-08-16,0
7392,2018-08-15,0
7397,2018-08-14,0
7402,2018-08-13,0
7407,2018-08-12,0
7412,2018-08-11,1
7417,2018-08-10,0
7422,2018-08-09,0
7427,2018-08-08,1
7432,2018-08-07,0
7437,2018-08-06,0
7442,2018-08-05,0
7447,2018-08-04,1
7452,2018-08-03,0
7457,2018-08-02,-1
7462,2018-08-01,0
7467,2018-07-31,-1
7472,2018-07-30,0
7477,2018-07-29,0
7482,2018-07-28,0
7487,2018-07-27,0
7492,2018-07-26,0
7497,2018-07-25,0
7502,2018-07-24,1
7507,2018-07-23,0
7512,2018-07-22,0
7517,2018-07-21,0
7522,2018-07-20,0
7527,2018-07-19,0
7532,2018-07-18,0
7537,2018-07-17,0
7542,2018-07-16,0
7547,2018-07-15,1
7552,2018-07-14,0
7557,2018-07-13,0
7562,2018-07-12,0
7567,2018-07-11,0
7572,2018-07-10,0
7577,2018-07-09,0
7582,2018-07-08,-1
7587,2018-07-07,0
7592,2018-07-06,0
7597,2018-07-05,0
7602,2018-07-04,-1
7607,2018-07-03,0
7612,2018-07-02,0
7617,2018-07-01,0
7622,2018-06-30,0
7627,2018-06-29,1
7632,2018-06-28,0
7637,2018-06-27,0
7642,2018-06-26,0
7647,2018-06-25,0
7652,2018-06-24,0
7657,2018-06-23,0
7662,2018-06-22,1
7667,2018-06-21,-1
7672,2018-06-20,1
7677,2018-06-19,0
7682,2018-06-18,0
7687,2018-06-17,0
7692,2018-06-16,0
7697,2018-06-15,0
7702,2018-06-14,0
7707,2018-06-13,0
7712,2018-06-12,0
7717,2018-06-11,1
7722,2018-06-10,1
7727,2018-06-09,1
7732,2018-06-08,1
7737,2018-06-07,0
7742,2018-06-06,0
7747,2018-06-05,0
7752,2018-06-04,0
7757,2018-06-03,1
7762,2018-06-02,0
7767,2018-06-01,-1
7772,2018-05-31,0
7777,2018-05-30,0
7782,2018-05-29,0
7787,2018-05-28,1
7792,2018-05-27,1
7797,2018-05-26,1
7802,2018-05-25,0
7807,2018-05-24,1
7812,2018-05-23,0
7817,2018-05-22,-1
7822,2018-05-21,-1
7827,2018-05-20,0
7832,2018-05-19,0
7837,2018-05-18,0
7842,2018-05-17,0
7847,2018-05-16,0
7852,2018-05-15,0
7857,2018-05-14,0
7862,2018-05-13,0
7867,2018-05-12,1
7872,2018-05-11,1
7877,2018-05-10,0
7882,2018-05-09,0
7887,2018-05-08,0
7892,2018-05-07,0
7897,2018-05-06,0
7902,2018-05-05,0
7907,2018-05-04,0
7912,2018-05-03,0
7917,2018-05-02,0
7922,2018-05-01,0
7927,2018-04-30,0
7932,2018-04-29,0
7937,2018-04-28,1
7942,2018-04-27,-1
7947,2018-04-26,0
7952,2018-04-25,0
7957,2018-04-24,0
7962,2018-04-23,1
7967,2018-04-22,0
7972,2018-04-21,0
7977,2018-04-20,0
7982,2018-04-19,0
7987,2018-04-18,0
7992,2018-04-17,0
7997,2018-04-16,0
8002,2018-04-15,-1
8007,2018-04-14,0
8012,2018-04-13,0
8017,2018-04-12,0
8022,2018-04-11,1
8027,2018-04-10,0
8032,2018-04-09,1
8037,2018-04-08,0
8042,2018-04-07,0
8047,2018-04-06,0
8052,2018-04-05,-1
8057,2018-04-04,0
8062,2018-04-03,1
8067,2018-04-02,1
8072,2018-04-01,0
8077,2018-03-31,0
8082,2018-03-30,0
8087,2018-03-29,0
8092,2018-03-28,0
8097,2018-03-27,1
8102,2018-03-26,0
8107,2018-03-25,-1
8112,2018-03-24,-1
8117,2018-03-23,0
8122,2018-03-22,0
8127,2018-03-21,1
8132,2018-03-20,0
8137,2018-03-19,0
8142,2018-03-18,1
8147,2018-03-17,1
8152,2018-03-16,0
8157,2018-03-15,0
8162,2018-03-14,0
8167,2018-03-13,0
8172,2018-03-12,0
8177,2018-03-11,0
8182,2018-03-10,0
8187,2018-03-09,0
8192,2018-03-08,1
8197,2018-03-07,0
8202,2018-03-06,0
8207,2018-03-05,0
8212,2018-03-04,0
8217,2018-03-03,0
8222,2018-03-02,-1
8227,2018-03-01,0
8232,2018-02-28,0
8237,2018-02-27,0
8242,2018-02-26,0
8247,2018-02-25,0
8252,2018-02-24,1
8257,2018-02-23,0
8262,2018-02-22,0
8267,2018-02-21,0
8272,2018-02-20,0
8277,2018-02-19,0
8282,2018-02-18,0
8287,2018-02-17,0
8292,2018-02-16,1
8297,2018-02-15,1
8302,2018-02-14,0
8307,2018-02-13,0
8312,2018-02-12,0
8317,2018-02-11,1
8322,2018-02-10,0
8327,2018-02-09,0
8332,2018-02-08,-1
8337,2018-02-07,0
8342,2018-02-06,1
8347,2018-02-05,0
8352,2018-02-04,0
8357,2018-02-03,0
8361,2018-02-02,0
8366,2018-02-01,1
8371,2018-01-31,-1
8376,2018-01-30,0
8381,2018-01-29,1
8386,2018-01-28,0
8391,2018-01-27,0
8396,2018-01-26,1
8400,2018-01-25,0
8405,2018-01-24,0
8410,2018-01-23,0
8415,2018-01-22,0
8420,2018-01-21,1
8425,2018-01-20,1
8430,2018-01-19,0
8435,2018-01-18,1
8440,2018-01-17,1
8445,2018-01-16,0
8450,2018-01-15,0
8455,2018-01-14,0
8456,2018-01-13,0
8461,2018-01-12,0
8466,2018-01-11,0
8471,2018-01-10,0
8476,2018-01-09,0
8481,2018-01-08,0
8486,2018-01-07,0
8490,2018-01-06,0
8491,2018-01-05,0
8496,2018-01-04,-1
8501,2018-01-03,0
8506,2018-01-02,-1
8511,2018-01-01,0
8516,2017-12-31,1
8520,2017-12-30,0
8524,2017-12-29,0
8529,2017-12-28,0
8534,2017-12-27,0
8539,2017-12-26,0
8544,2017-12-25,0
8548,2017-12-24,0
8551,2017-12-23,0
8552,2017-12-22,1
8557,2017-12-21,0
8562,2017-12-20,0
8567,2017-12-19,0
8572,2017-12-18,0
8577,2017-12-17,0
8582,2017-12-16,1
8585,2017-12-15,0
8590,2017-12-14,0
8595,2017-12-13,0
8600,2017-12-12,1
8605,2017-12-11,0
8610,2017-12-10,0
8615,2017-12-09,1
8620,2017-12-08,0
8625,2017-12-07,0
8630,2017-12-06,0
8635,2017-12-05,0
8640,2017-12-04,0
8645,2017-12-03,1
8647,2017-12-02,0
8652,2017-12-01,0
8657,2017-11-30,0
8662,2017-11-29,0
8666,2017-11-28,0
8671,2017-11-27,0
8676,2017-11-26,0
8678,2017-11-25,0
8683,2017-11-24,1
8688,2017-11-23,0
8693,2017-11-22,1
8698,2017-11-21,0
8703,2017-11-20,1
8708,2017-11-19,1
8713,2017-11-18,0
8718,2017-11-17,0
8723,2017-11-16,-1
8728,2017-11-15,0
8733,2017-11-14,0
8737,2017-11-13,1
8742,2017-11-12,0
8747,2017-11-11,0
8750,2017-11-10,0
8755,2017-11-09,1
8760,2017-11-08,0
8765,2017-11-07,0
8770,2017-11-06,0
8775,2017-11-05,0
8777,2017-11-04,0
8780,2017-11-03,0
8784,2017-11-02,0
8789,2017-11-01,0
8794,2017-10-31,0
8799,2017-10-30,1
8804,2017-10-28,0
8809,2017-10-27,0
8814,2017-10-26,1
8819,2017-10-25,1
8824,2017-10-24,0
8829,2017-10-23,0
8834,2017-10-22,0
8836,2017-10-20,1
8840,2017-10-19,0
8843,2017-10-18,0
8848,2017-10-17,0
8852,2017-10-16,0
8857,2017-10-15,1
8862,2017-10-14,1
8864,2017-10-13,0
8869,2017-10-12,0
8874,2017-10-11,0
8879,2017-10-10,0
8884,2017-10-09,0
8889,2017-10-08,0
8894,2017-10-07,1
8899,2017-10-06,1
8904,2017-10-05,1
8909,2017-10-04,0
8914,2017-10-03,1
8919,2017-10-02,0
8924,2017-10-01,1
8929,2017-09-30,1
8934,2017-09-29,1
8939,2017-09-28,0
8944,2017-09-27,0
8949,2017-09-26,1
8954,2017-09-25,0
8959,2017-09-24,0
8964,2017-09-23,0
8966,2017-09-22,0
8971,2017-09-21,1
8976,2017-09-20,1
8981,2017-09-19,0
8986,2017-09-18,0
8991,2017-09-17,0
8993,2017-09-16,1
8997,2017-09-15,0
9002,2017-09-14,0
9007,2017-09-13,0
9012,2017-09-12,0
9017,2017-09-11,0
9022,2017-09-10,0
9025,2017-09-09,0
9026,2017-09-08,0
9031,2017-09-07,1
9036,2017-09-06,0
9041,2017-09-05,0
9046,2017-09-04,1
9051,2017-09-03,0
9056,2017-09-02,0
9061,2017-09-01,1
9066,2017-08-30,1
9071,2017-08-29,0
9076,2017-08-28,1
9081,2017-08-27,1
9083,2017-08-26,1
9088,2017-08-25,0
9090,2017-08-24,0
9095,2017-08-23,0
9100,2017-08-22,0
9105,2017-08-21,0
9110,2017-08-20,0
9115,2017-08-19,1
9119,2017-08-18,0
9124,2017-08-17,0
9129,2017-08-16,0
9134,2017-08-15,1
9139,2017-08-14,1
9144,2017-08-13,0
9149,2017-08-12,1
9154,2017-08-11,0
9159,2017-08-10,-1
9164,2017-08-09,0
9169,2017-08-08,0
9174,2017-08-07,0
9179,2017-08-06,1
9184,2017-08-05,0
9189,2017-08-04,0
9194,2017-08-03,0
9199,2017-08-02,1
9204,2017-08-01,0
9209,2017-07-31,0
9213,2017-07-30,0
9218,2017-07-29,0
9222,2017-07-28,0
9227,2017-07-27,0
9232,2017-07-26,0
9237,2017-07-25,1
9242,2017-07-24,0
9247,2017-07-23,0
9252,2017-07-22,0
9256,2017-07-21,0
9261,2017-07-20,0
9266,2017-07-19,1
9271,2017-07-18,0
9276,2017-07-17,0
9281,2017-07-15,0
9284,2017-07-14,0
9289,2017-07-13,1
9294,2017-07-12,0
9299,2017-07-11,0
9304,2017-07-10,0
9309,2017-07-09,0
9311,2017-07-08,0
9312,2017-07-07,1
9317,2017-07-06,0
9322,2017-07-05,1
9327,2017-07-04,0
9332,2017-07-03,0
9337,2017-07-02,0
9342,2017-07-01,1
9347,2017-06-30,0
9352,2017-06-29,0
9357,2017-06-28,0
9362,2017-06-27,0
9367,2017-06-26,0
9372,2017-06-25,0
9377,2017-06-24,0
9382,2017-06-23,0
9387,2017-06-22,0
9392,2017-06-21,0
9397,2017-06-20,0
9402,2017-06-19,1
9407,2017-06-18,0
9410,2017-06-17,1
9413,2017-06-16,0
9418,2017-06-15,0
9423,2017-06-14,0
9428,2017-06-13,0
9433,2017-06-12,0
9438,2017-06-11,0
9443,2017-06-10,1
9448,2017-06-09,0
9453,2017-06-08,1
9458,2017-06-07,0
9463,2017-06-06,1
9468,2017-06-05,-1
9473,2017-06-04,0
9475,2017-06-03,1
9480,2017-06-02,0
9485,2017-06-01,0
9490,2017-05-31,0
9495,2017-05-30,0
9500,2017-05-29,1
9505,2017-05-28,1
9509,2017-05-27,0
9514,2017-05-26,0
9519,2017-05-25,1
9524,2017-05-24,1
9529,2017-05-23,1
9534,2017-05-22,0
9539,2017-05-21,1
9544,2017-05-20,0
9549,2017-05-19,-1
9554,2017-05-18,0
9559,2017-05-17,0
9564,2017-05-16,1
9569,2017-05-15,1
9574,2017-05-14,1
9578,2017-05-13,1
9582,2017-05-12,1
9587,2017-05-11,0
9592,2017-05-10,1
9597,2017-05-09,1
9602,2017-05-08,0
9607,2017-05-07,0
9612,2017-05-06,0
9617,2017-05-05,1
9622,2017-05-04,1
9627,2017-05-03,0
9632,2017-05-02,1
9637,2017-05-01,0
9642,2017-04-30,1
9646,2017-04-29,1
9651,2017-04-28,0
9656,2017-04-27,0
9660,2017-04-26,1
9665,2017-04-25,0
9670,2017-04-24,0
9675,2017-04-23,0
9678,2017-04-22,0
9683,2017-04-21,0
9688,2017-04-20,0
9693,2017-04-19,0
9698,2017-04-18,1
9703,2017-04-17,0
9708,2017-04-16,0
9713,2017-04-15,1
9718,2017-04-14,1
9723,2017-04-13,0
9728,2017-04-12,0
9733,2017-04-11,0
9738,2017-04-10,0
9743,2017-04-09,0
9748,2017-04-08,1
9753,2017-04-07,1
9758,2017-04-06,0
9763,2017-04-05,0
9768,2017-04-04,0
9773,2017-04-03,0
9778,2017-04-02,1
9782,2017-04-01,1
9787,2017-03-31,0
9792,2017-03-30,0
9797,2017-03-29,0
9802,2017-03-28,0
9807,2017-03-27,0
9812,2017-03-26,0
9815,2017-03-25,0
9820,2017-03-24,1
9825,2017-03-23,1
9830,2017-03-22,1
9835,2017-03-21,1
9840,2017-03-20,0
9845,2017-03-19,0
9848,2017-03-18,1
9850,2017-03-17,1
9855,2017-03-16,0
9860,2017-03-15,0
9863,2017-03-14,0
9868,2017-03-13,0
9869,2017-03-11,1
9870,2017-03-10,0
9874,2017-03-09,-1
9878,2017-03-08,0
9883,2017-03-07,0
9888,2017-03-06,0
9893,2017-03-05,0
9898,2017-03-04,0
9903,2017-03-03,1
9908,2017-03-02,0
9913,2017-03-01,0
9918,2017-02-28,0
9923,2017-02-27,1
9928,2017-02-26,-1
9929,2017-02-25,1
9930,2017-02-24,1
9936,2017-02-23,0
9941,2017-02-22,0
9946,2017-02-21,0
9951,2017-02-20,0
9956,2017-02-19,0
9960,2017-02-18,0
9963,2017-02-17,0
9968,2017-02-16,0
9973,2017-02-15,0
9978,2017-02-14,0
9983,2017-02-13,0
9988,2017-02-12,0
9991,2017-02-11,0
9996,2017-02-10,0
10001,2017-02-09,1
10006,2017-02-08,0
10011,2017-02-07,1
10016,2017-02-06,1
10021,2017-02-05,1
10025,2017-02-04,1
10029,2017-02-03,1
10034,2017-02-02,0
10039,2017-02-01,1
10044,2017-01-31,0
10049,2017-01-30,1
10054,2017-01-29,1
10059,2017-01-28,1
10064,2017-01-27,1
10069,2017-01-26,1
10072,2017-01-25,1
10077,2017-01-24,0
10082,2017-01-23,0
10087,2017-01-22,1
10090,2017-01-21,1
10094,2017-01-20,0
10099,2017-01-19,1
10104,2017-01-18,0
10109,2017-01-17,0
10114,2017-01-16,0
10119,2017-01-15,1
10122,2017-01-14,1
10127,2017-01-13,0
10132,2017-01-12,1
10137,2017-01-11,1
10142,2017-01-10,1
10147,2017-01-09,0
10152,2017-01-08,1
10157,2017-01-07,1
10161,2017-01-06,0
10166,2017-01-05,1
10171,2017-01-04,0
10176,2017-01-03,1
10181,2017-01-02,0